Ticker,Adj Close,Adj Close,Close,Close,High,High,Low,Low,Open,Open,Volume,Volume
PriceType,AAPL,MSFT,AAPL,MSFT,AAPL,MSFT,AAPL,MSFT,AAPL,MSFT,AAPL,MSFT
Date,,,,,,,,,,,,
2022-01-03,178.64564514160156,325.03802490234375,182.00999450683594,334.75,182.8800048828125,338.0,177.7100067138672,329.7799987792969,177.8300018310547,335.3500061035156,104487900,28865100
2022-01-04,176.37835693359375,319.464599609375,179.6999969482422,329.010009765625,182.94000244140625,335.20001220703125,179.1199951171875,326.1199951171875,182.6300048828125,334.8299865722656,99310400,32674300
2022-01-05,171.68667602539062,307.20111083984375,174.9199981689453,316.3800048828125,180.1699981689453,326.07000732421875,174.63999938964844,315.9800109863281,179.61000061035156,325.8599853515625,94537600,40054300
2022-01-06,168.82069396972656,304.7735595703125,172.0,313.8800048828125,175.3000030517578,318.70001220703125,171.63999938964844,311.489990234375,172.6999969482422,313.1499938964844,96904000,39646100
2022-01-07,168.98753356933594,304.9289245605469,172.1699981689453,314.0400085449219,174.13999938964844,316.5,171.02999877929688,310.0899963378906,172.88999938964844,314.1499938964844,86709100,32720000
2022-01-10,169.00718688964844,305.15216064453125,172.19000244140625,314.2699890136719,172.5,314.7200012207031,168.1699981689453,304.69000244140625,169.0800018310547,309.489990234375,106765600,44289500
2022-01-11,171.84373474121094,305.8416748046875,175.0800018310547,314.9800109863281,175.17999267578125,316.6099853515625,170.82000732421875,309.8900146484375,172.32000732421875,313.3800048828125,76138300,29386800
2022-01-12,172.28541564941406,309.0361328125,175.52999877929688,318.2699890136719,177.17999267578125,323.4100036621094,174.82000732421875,317.0799865722656,176.1199951171875,319.6700134277344,74805200,34372200
2022-01-13,169.00718688964844,295.9570007324219,172.19000244140625,304.79998779296875,176.6199951171875,320.8800048828125,171.7899932861328,304.0,175.77999877929688,320.4700012207031,84505800,45366000
2022-01-14,169.8709259033203,301.2003479003906,173.07000732421875,310.20001220703125,173.77999877929688,310.82000732421875,171.08999633789062,303.75,171.33999633789062,304.25,80440800,39846400
2022-01-18,166.66136169433594,293.869384765625,169.8000030517578,302.6499938964844,172.5399932861328,309.79998779296875,169.41000366210938,301.739990234375,171.50999450683594,304.07000732421875,90956700,42333200
2022-01-19,163.15731811523438,294.52960205078125,166.22999572753906,303.3299865722656,171.0800018310547,313.9100036621094,165.94000244140625,302.70001220703125,170.0,306.2900085449219,94815000,45933900
2022-01-20,161.46913146972656,292.8498229980469,164.50999450683594,301.6000061035156,169.67999267578125,311.6499938964844,164.17999267578125,301.1400146484375,166.97999572753906,309.07000732421875,91420500,35380700
2022-01-21,159.407958984375,287.4413757324219,162.41000366210938,296.0299987792969,166.3300018310547,304.1099853515625,162.3000030517578,295.6099853515625,164.4199981689453,302.69000244140625,122848900,57984400
2022-01-24,158.63253784179688,287.77154541015625,161.6199951171875,296.3699951171875,162.3000030517578,297.1099853515625,154.6999969482422,276.04998779296875,160.02000427246094,292.20001220703125,162294600,85731500
2022-01-25,156.8265380859375,280.12017822265625,159.77999877929688,288.489990234375,162.75999450683594,294.989990234375,157.02000427246094,285.1700134277344,158.97999572753906,291.5199890136719,115798400,72848600
2022-01-26,156.73825073242188,288.1016845703125,159.69000244140625,296.7099914550781,164.38999938964844,308.5,157.82000732421875,293.0299987792969,163.5,307.989990234375,108275300,90428900
2022-01-27,156.2769012451172,291.14080810546875,159.22000122070312,299.8399963378906,163.83999633789062,307.29998779296875,158.27999877929688,297.92999267578125,162.4499969482422,302.6600036621094,121954600,53481300
2022-01-28,167.1815643310547,299.31658935546875,170.3300018310547,308.260009765625,170.35000610351562,308.4800109863281,162.8000030517578,294.45001220703125,165.7100067138672,300.2300109863281,179935700,49743700
2022-01-31,171.54928588867188,301.9576721191406,174.77999877929688,310.9800109863281,175.0,312.3800048828125,169.50999450683594,306.3699951171875,170.16000366210938,308.95001220703125,115541600,46444500
2022-02-01,171.3824462890625,299.8020324707031,174.61000061035156,308.760009765625,174.83999633789062,310.6300048828125,172.30999755859375,305.1300048828125,174.00999450683594,310.4100036621094,86213900,40950400
2022-02-02,172.5897216796875,304.36572265625,175.83999633789062,313.4599914550781,175.8800048828125,315.1199951171875,173.3300018310547,308.8800048828125,174.75,309.6300048828125,84914300,36636000
2022-02-03,169.70404052734375,292.5099792480469,172.89999389648438,301.25,176.24000549316406,311.2300109863281,172.1199951171875,299.9599914550781,174.47999572753906,309.489990234375,89418100,43730000
2022-02-04,169.4190216064453,297.06390380859375,172.38999938964844,305.94000244140625,174.10000610351562,308.79998779296875,170.67999267578125,299.9700012207031,171.67999267578125,300.2099914550781,82465400,35096500
2022-02-07,168.70159912109375,292.21868896484375,171.66000366210938,300.95001220703125,173.9499969482422,307.8399963378906,170.9499969482422,299.8999938964844,172.86000061035156,306.1700134277344,77251200,28533300
2022-02-08,171.8170166015625,295.72393798828125,174.8300018310547,304.55999755859375,175.35000610351562,305.55999755859375,171.42999267578125,299.95001220703125,171.72999572753906,301.25,74829200,32421200
2022-02-09,173.24200439453125,302.1810607910156,176.27999877929688,311.2099914550781,176.64999389648438,311.92999267578125,174.89999389648438,307.3900146484375,176.0500030517578,309.8699951171875,71285000,31284700
2022-02-10,169.15371704101562,293.607177734375,172.1199951171875,302.3800048828125,175.47999572753906,309.1199951171875,171.5500030517578,300.70001220703125,174.13999938964844,304.0400085449219,90865900,45386200
2022-02-11,165.73367309570312,286.48016357421875,168.63999938964844,295.0400085449219,173.0800018310547,304.2900085449219,168.0399932861328,294.2200012207031,172.3300018310547,303.19000244140625,98670700,39175600
2022-02-14,165.96951293945312,286.4413146972656,168.8800048828125,295.0,169.5800018310547,296.760009765625,166.55999755859375,291.3500061035156,167.3699951171875,293.7699890136719,86185500,36359500
2022-02-15,169.8121337890625,291.7526550292969,172.7899932861328,300.4700012207031,172.9499969482422,300.79998779296875,170.25,297.0199890136719,170.97000122070312,300.010009765625,62527400,27058300
2022-02-16,169.5762939453125,291.4120178222656,172.5500030517578,299.5,173.33999633789062,300.8699951171875,170.0500030517578,293.67999267578125,171.85000610351562,298.3699951171875,61177400,29982100
2022-02-17,165.96951293945312,282.8788757324219,168.8800048828125,290.7300109863281,171.91000366210938,296.79998779296875,168.47000122070312,290.0,171.02999877929688,296.3599853515625,69589300,32461600
2022-02-18,164.41677856445312,280.15447998046875,167.3000030517578,287.92999267578125,170.5399932861328,293.8599853515625,166.19000244140625,286.30999755859375,169.82000732421875,293.04998779296875,82772700,34264000
2022-02-22,161.48814392089844,279.9501953125,164.32000732421875,287.7200012207031,166.69000244140625,291.5400085449219,162.14999389648438,284.5,164.97999572753906,285.0,91162800,41736100
2022-02-23,157.3114013671875,272.7013854980469,160.07000732421875,280.2699890136719,166.14999389648438,291.70001220703125,159.75,280.1000061035156,165.5399932861328,290.17999267578125,90009200,37811200
2022-02-24,159.9353485107422,286.63470458984375,162.74000549316406,294.5899963378906,162.85000610351562,295.1600036621094,152.0,271.5199890136719,152.5800018310547,272.510009765625,141147500,56989700
2022-02-25,162.00900268554688,289.2812194824219,164.85000610351562,297.30999755859375,165.1199951171875,297.6300048828125,160.8699951171875,291.6499938964844,163.83999633789062,295.1400146484375,91974200,32546700
2022-02-28,162.2743377685547,290.7212219238281,165.1199951171875,298.7900085449219,165.4199981689453,299.1400146484375,162.42999267578125,293.0,163.05999755859375,294.30999755859375,95056600,34627500
2022-03-01,160.38743591308594,286.9849548339844,163.1999969482422,294.95001220703125,166.60000610351562,299.9700012207031,161.97000122070312,292.1499938964844,164.6999969482422,296.3999938964844,83474400,31217800
2022-03-02,163.68954467773438,292.0834045410156,166.55999755859375,300.19000244140625,167.36000061035156,301.4700012207031,162.9499969482422,293.70001220703125,164.38999938964844,295.3599853515625,79724800,31873000
2022-03-03,163.36520385742188,287.9287109375,166.22999572753906,295.9200134277344,168.91000366210938,303.1300048828125,165.5500030517578,294.04998779296875,168.47000122070312,302.8900146484375,76678400,27314500
2022-03-04,160.35791015625,282.0323791503906,163.1699981689453,289.8599853515625,165.5500030517578,295.6600036621094,162.10000610351562,287.1700134277344,164.49000549316406,294.2900085449219,83737200,32356500
2022-03-07,156.55465698242188,271.3781433105469,159.3000030517578,278.9100036621094,165.02000427246094,289.69000244140625,159.0399932861328,278.5299987792969,163.36000061035156,288.5299987792969,96418800,43157200
2022-03-08,154.7266845703125,268.4007568359375,157.44000244140625,275.8500061035156,162.8800048828125,283.9599914550781,155.8000030517578,270.0,158.82000732421875,277.79998779296875,131148300,48159500
2022-03-09,160.1417236328125,280.7091369628906,162.9499969482422,288.5,163.41000366210938,289.6000061035156,159.41000366210938,280.7799987792969,161.47999572753906,283.44000244140625,91454900,35204500
2022-03-10,155.78807067871094,277.8775939941406,158.52000427246094,285.5899963378906,160.38999938964844,286.6000061035156,155.97999572753906,280.5799865722656,160.1999969482422,283.0199890136719,105342000,30628000
2022-03-11,152.06338500976562,272.5067443847656,154.72999572753906,280.07000732421875,159.27999877929688,289.510009765625,154.5,279.42999267578125,158.92999267578125,287.9599914550781,96970100,27209300
2022-03-14,148.02423095703125,268.9747619628906,150.6199951171875,276.44000244140625,154.1199951171875,285.3999938964844,150.10000610351562,275.82000732421875,151.4499969482422,280.3399963378906,108732100,30660700
2022-03-15,152.41717529296875,279.39556884765625,155.08999633789062,287.1499938964844,155.57000732421875,287.82000732421875,150.3800048828125,278.7300109863281,150.89999389648438,280.3500061035156,92964300,34245100
2022-03-16,156.83966064453125,286.4400329589844,159.58999633789062,294.3900146484375,160.0,294.57000732421875,154.4600067138672,283.20001220703125,157.0500030517578,289.1099853515625,102300200,37826300
2022-03-17,157.85189819335938,287.2476501464844,160.6199951171875,295.2200012207031,161.0,295.6099853515625,157.6300048828125,289.3699951171875,158.61000061035156,293.2900085449219,75615400,30816600
2022-03-18,161.15399169921875,292.3169250488281,163.97999572753906,300.42999267578125,164.47999572753906,301.0,159.75999450683594,292.7300109863281,160.50999450683594,295.3699951171875,123511700,43390600
2022-03-21,162.52989196777344,291.0812683105469,165.3800048828125,299.1600036621094,166.35000610351562,300.1400146484375,163.00999450683594,294.8999938964844,163.50999450683594,298.8900146484375,95811400,28351200
2022-03-22,165.9105682373047,295.84893798828125,168.82000732421875,304.05999755859375,169.4199981689453,305.0,164.91000366210938,298.7699890136719,165.50999450683594,299.79998779296875,81532000,27599700
2022-03-23,167.276611328125,291.40228271484375,170.2100067138672,299.489990234375,172.63999938964844,303.2300109863281,167.64999389648438,297.7200012207031,167.99000549316406,300.510009765625,98062700,25715400
2022-03-24,171.07009887695312,295.88775634765625,174.07000732421875,304.1000061035156,174.13999938964844,304.20001220703125,170.2100067138672,298.32000732421875,171.05999755859375,299.1400146484375,90131400,24484500
2022-03-25,171.7089080810547,295.4791564941406,174.72000122070312,303.67999267578125,175.27999877929688,305.5,172.75,299.2900085449219,173.8800048828125,305.2300109863281,80546200,22566500
2022-03-28,172.57371520996094,302.3096618652344,175.60000610351562,310.70001220703125,175.72999572753906,310.79998779296875,172.0,304.3299865722656,172.1699981689453,304.3299865722656,90371900,29578200
2022-03-29,175.87582397460938,306.89239501953125,178.9600067138672,315.4100036621094,179.00999450683594,315.82000732421875,176.33999633789062,309.04998779296875,176.69000244140625,313.9100036621094,100589400,30393400
2022-03-30,174.70632934570312,305.38421630859375,177.77000427246094,313.8599853515625,179.61000061035156,315.95001220703125,176.6999969482422,311.5799865722656,178.5500030517578,313.760009765625,92633200,28163600
2022-03-31,171.60081481933594,299.9841003417969,174.61000061035156,308.30999755859375,178.02999877929688,315.1400146484375,174.39999389648438,307.8900146484375,177.83999633789062,313.8999938964844,103049300,33422100
2022-04-01,171.30593872070312,301.0641784667969,174.30999755859375,309.4200134277344,174.8800048828125,310.1300048828125,171.94000244140625,305.5400085449219,174.02999877929688,309.3699951171875,78751300,27110500
2022-04-04,175.36477661132812,306.4642639160156,178.44000244140625,314.9700012207031,178.49000549316406,315.1099853515625,174.44000244140625,309.7099914550781,174.57000732421875,310.0899963378906,76468400,24289600
2022-04-05,172.04302978515625,302.4847717285156,175.05999755859375,310.8800048828125,178.3000030517578,314.8699951171875,174.4199981689453,309.8699951171875,177.5,313.2699890136719,73401800,23156700
2022-04-06,168.8686981201172,291.4120178222656,171.8300018310547,299.5,173.6300048828125,307.0,170.1300048828125,296.7099914550781,172.36000061035156,305.19000244140625,89058800,40110400
2022-04-07,169.17333984375,293.23150634765625,172.13999938964844,301.3699951171875,173.36000061035156,303.6499938964844,169.85000610351562,296.3500061035156,171.16000366210938,296.6600036621094,77594700,31411200
2022-04-08,167.15867614746094,288.950439453125,170.08999633789062,296.9700012207031,171.77999877929688,301.1199951171875,169.1999969482422,296.2799987792969,171.77999877929688,300.44000244140625,76575500,24361900
2022-04-11,162.89344787597656,277.55670166015625,165.75,285.260009765625,169.02999877929688,292.6099853515625,165.5,285.0,168.7100067138672,291.7900085449219,72246700,34569300
2022-04-12,164.77059936523438,274.4430236816406,167.66000366210938,282.05999755859375,169.8699951171875,290.739990234375,166.63999938964844,280.489990234375,168.02000427246094,289.239990234375,79265200,30966700
2022-04-13,167.46331787109375,279.8528137207031,170.39999389648438,287.6199951171875,171.0399932861328,288.5799865722656,166.77000427246094,281.29998779296875,167.38999938964844,282.7300109863281,70618900,21907200
2022-04-14,162.44139099121094,272.2732238769531,165.2899932861328,279.8299865722656,171.27000427246094,288.30999755859375,165.0399932861328,279.32000732421875,170.6199951171875,288.0899963378906,75329400,28221600
2022-04-18,162.22520446777344,272.9445495605469,165.07000732421875,280.5199890136719,166.60000610351562,282.4599914550781,163.57000732421875,278.3399963378906,163.9199981689453,278.9100036621094,69023900,20778000
2022-04-19,164.51504516601562,277.59552001953125,167.39999389648438,285.29998779296875,167.82000732421875,286.1700134277344,163.91000366210938,278.4100036621094,165.02000427246094,279.3800048828125,67723800,22297700
2022-04-20,164.3479766845703,278.62689208984375,167.22999572753906,286.3599853515625,168.8800048828125,289.70001220703125,166.10000610351562,285.3699951171875,168.75999450683594,289.3999938964844,67929800,22906700
2022-04-21,163.5519256591797,273.2267761230469,166.4199981689453,280.80999755859375,171.52999877929688,293.29998779296875,165.91000366210938,280.05999755859375,168.91000366210938,288.5799865722656,87227800,29454600
2022-04-22,159.00173950195312,266.6298828125,161.7899932861328,274.0299987792969,167.8699951171875,283.20001220703125,161.5,273.3800048828125,166.4600067138672,281.67999267578125,84882400,29405800
2022-04-25,160.0729217529297,273.1391906738281,162.8800048828125,280.7200012207031,163.1699981689453,281.1099853515625,158.4600067138672,270.7699890136719,161.1199951171875,273.2900085449219,96046400,35678900
2022-04-26,154.09774780273438,262.9228210449219,156.8000030517578,270.2200012207031,162.33999633789062,278.3599853515625,156.72000122070312,270.0,162.25,277.5,95623200,46518400
2022-04-27,153.8717041015625,275.5716857910156,156.57000732421875,283.2200012207031,159.7899932861328,290.9700012207031,155.3800048828125,279.1600036621094,155.91000366210938,282.1000061035156,88063200,63477700
2022-04-28,160.81982421875,281.8086242675781,163.63999938964844,289.6300048828125,164.52000427246094,290.9800109863281,158.92999267578125,281.4599914550781,159.25,285.19000244140625,130216800,33646600
2022-04-29,154.9330596923828,270.025634765625,157.64999389648438,277.5199890136719,166.1999969482422,289.8800048828125,157.25,276.5,161.83999633789062,288.6099853515625,131747600,37073900
2022-05-02,155.23773193359375,276.7879638671875,157.9600067138672,284.4700012207031,158.22999572753906,284.94000244140625,153.27000427246094,276.2200012207031,156.7100067138672,277.7099914550781,123055300,35151100
2022-05-03,156.73153686523438,274.1706237792969,159.47999572753906,281.7799987792969,160.7100067138672,284.1300048828125,156.32000732421875,280.1499938964844,158.14999389648438,283.9599914550781,88966500,25978600
2022-05-04,163.1588134765625,282.14910888671875,166.02000427246094,289.9800109863281,166.47999572753906,290.8800048828125,159.25999450683594,276.7300109863281,159.6699981689453,282.5899963378906,108256500,33599300
2022-05-05,154.06825256347656,269.8601989746094,156.77000427246094,277.3500061035156,164.0800018310547,286.3500061035156,154.9499969482422,274.3399963378906,163.85000610351562,285.5400085449219,130525300,43260400
2022-05-06,154.79653930664062,267.3109436035156,157.27999877929688,274.7300109863281,159.44000244140625,279.25,154.17999267578125,271.2699890136719,156.00999450683594,274.80999755859375,116124600,37780300
2022-05-09,149.65896606445312,257.43505859375,152.05999755859375,264.5799865722656,155.8300018310547,272.3599853515625,151.49000549316406,263.32000732421875,154.92999267578125,270.05999755859375,131577900,47726000
2022-05-10,152.07028198242188,262.22222900390625,154.50999450683594,269.5,156.74000549316406,273.75,152.92999267578125,265.07000732421875,155.52000427246094,271.69000244140625,115366700,39336400
2022-05-11,144.18675231933594,253.51385498046875,146.5,260.54998779296875,155.4499969482422,271.3599853515625,145.80999755859375,259.29998779296875,153.5,265.67999267578125,142689800,48975900
2022-05-12,140.3089599609375,248.454345703125,142.55999755859375,255.35000610351562,146.1999969482422,259.8800048828125,138.8000030517578,250.02000427246094,142.77000427246094,257.69000244140625,182602000,51033800
2022-05-13,144.78712463378906,254.0684814453125,147.11000061035156,261.1199951171875,148.10000610351562,263.0400085449219,143.11000061035156,255.35000610351562,144.58999633789062,257.3500061035156,113990900,34925100
2022-05-16,143.24192810058594,254.43826293945312,145.5399932861328,261.5,147.52000427246094,265.82000732421875,144.17999267578125,255.77999877929688,145.5500030517578,259.9599914550781,86643800,32550900
2022-05-17,146.8834991455078,259.6146240234375,149.24000549316406,266.82000732421875,149.77000427246094,268.3299865722656,146.67999267578125,262.4599914550781,148.86000061035156,266.1099853515625,78336300,28828800
2022-05-18,138.59645080566406,247.79441833496094,140.82000732421875,254.0800018310547,147.36000061035156,263.6000061035156,139.89999389648438,252.77000427246094,146.85000610351562,263.0,109742900,31356000
2022-05-19,135.18125915527344,246.87767028808594,137.35000610351562,253.13999938964844,141.66000366210938,257.6700134277344,136.60000610351562,251.8800048828125,139.8800048828125,253.89999389648438,136095600,32692300
2022-05-20,135.41744995117188,246.31201171875,137.58999633789062,252.55999755859375,140.6999969482422,258.5400085449219,132.61000061035156,246.44000244140625,139.08999633789062,257.239990234375,137426100,39199300
2022-05-23,140.8502960205078,254.20193481445312,143.11000061035156,260.6499938964844,143.25999450683594,261.5,137.64999389648438,253.42999267578125,137.7899932861328,255.49000549316406,117726300,33175400
2022-05-24,138.14370727539062,253.1973419189453,140.36000061035156,259.6199951171875,141.97000122070312,261.3299865722656,137.3300018310547,253.5,140.80999755859375,257.8900146484375,104132700,29043900
2022-05-25,138.3011932373047,256.0256042480469,140.52000427246094,262.5199890136719,141.7899932861328,264.5799865722656,138.33999633789062,257.1300048828125,138.42999267578125,258.1400146484375,92482700,28547900
2022-05-26,141.50973510742188,259.3219909667969,143.77999877929688,265.8999938964844,144.33999633789062,267.1099853515625,137.13999938964844,261.42999267578125,137.38999938964844,262.2699890136719,90601500,25002100
2022-05-27,147.27720642089844,266.4804382324219,149.63999938964844,273.239990234375,149.67999267578125,273.3399963378906,145.25999450683594,267.55999755859375,145.38999938964844,268.4800109863281,90978500,26910800
2022-05-31,146.4898223876953,265.144287109375,148.83999633789062,271.8699951171875,150.66000366210938,274.7699890136719,146.83999633789062,268.92999267578125,149.07000732421875,272.5299987792969,103718400,37827700
2022-06-01,146.36187744140625,265.68072509765625,148.7100067138672,272.4200134277344,151.74000549316406,277.69000244140625,147.67999267578125,270.0400085449219,149.89999389648438,275.20001220703125,74286600,25292200
2022-06-02,148.8224334716797,267.7872619628906,151.2100067138672,274.5799865722656,151.27000427246094,274.6499938964844,146.86000061035156,261.6000061035156,147.8300018310547,264.45001220703125,72348100,44008200
2022-06-03,143.08444213867188,263.3401184082031,145.3800048828125,270.0199890136719,147.97000122070312,273.45001220703125,144.4600067138672,268.4100036621094,146.89999389648438,270.30999755859375,88570300,28059000
2022-06-06,143.83242797851562,262.1014709472656,146.13999938964844,268.75,148.57000732421875,274.17999267578125,144.89999389648438,267.2200012207031,147.02999877929688,272.05999755859375,71598400,22400300
2022-06-07,146.36187744140625,265.75872802734375,148.7100067138672,272.5,149.0,273.1300048828125,144.10000610351562,265.94000244140625,144.35000610351562,266.6400146484375,67808200,22860700
2022-06-08,145.62371826171875,263.7204284667969,147.9600067138672,270.4100036621094,149.8699951171875,273.0,147.4600067138672,269.6099853515625,148.5800018310547,271.7099914550781,53950200,17372300
2022-06-09,140.3877410888672,258.239501953125,142.63999938964844,264.7900085449219,147.9499969482422,272.7099914550781,142.52999877929688,264.6300048828125,147.0800018310547,267.7799987792969,69473000,26439700
2022-06-10,134.9647216796875,246.7313690185547,137.1300048828125,252.99000549316406,140.75999450683594,260.5799865722656,137.05999755859375,252.52999877929688,140.27999877929688,260.5799865722656,91437900,31422800
2022-06-13,129.79762268066406,236.2667999267578,131.8800048828125,242.25999450683594,135.1999969482422,249.02000427246094,131.44000244140625,241.52999877929688,132.8699951171875,245.11000061035156,122207100,46135800
2022-06-14,130.66372680664062,238.441650390625,132.75999450683594,244.49000549316406,133.88999938964844,245.74000549316406,131.47999572753906,241.50999450683594,133.1300048828125,243.86000061035156,84784300,28651500
2022-06-15,133.29153442382812,245.53179931640625,135.42999267578125,251.75999450683594,137.33999633789062,255.3000030517578,132.16000366210938,246.4199981689453,134.2899932861328,248.30999755859375,91533000,33111700
2022-06-16,128.00634765625,238.9097900390625,130.05999755859375,244.97000122070312,132.38999938964844,247.4199981689453,129.0399932861328,243.02000427246094,132.0800018310547,245.97999572753906,108123900,33169200
2022-06-17,129.482666015625,241.5234832763672,131.55999755859375,247.64999389648438,133.0800018310547,250.5,129.80999755859375,244.02999877929688,130.07000732421875,244.6999969482422,134520300,43084800
2022-06-21,133.72462463378906,247.4628143310547,135.8699951171875,253.74000549316406,137.05999755859375,254.75,133.32000732421875,249.50999450683594,133.4199981689453,250.25999450683594,81000500,29928300
2022-06-22,133.2128448486328,246.86793518066406,135.35000610351562,253.1300048828125,137.75999450683594,257.1700134277344,133.91000366210938,250.3699951171875,134.7899932861328,251.88999938964844,73409200,25939900
2022-06-23,136.08670043945312,252.45619201660156,138.27000427246094,258.8599853515625,138.58999633789062,259.3699951171875,135.6300048828125,253.6300048828125,136.82000732421875,255.57000732421875,72433800,25861400
2022-06-24,139.42318725585938,261.07757568359375,141.66000366210938,267.70001220703125,141.91000366210938,267.9800109863281,139.77000427246094,261.7200012207031,139.89999389648438,261.80999755859375,89116800,33923200
2022-06-27,139.42318725585938,258.3370361328125,141.66000366210938,264.8900146484375,143.49000549316406,268.29998779296875,140.97000122070312,263.2799987792969,142.6999969482422,268.2099914550781,70207900,24615100
2022-06-28,135.2698211669922,250.1350555419922,137.44000244140625,256.4800109863281,143.4199981689453,266.9100036621094,137.32000732421875,256.32000732421875,142.1300048828125,263.9800109863281,67083400,27295500
2022-06-29,137.0315704345703,253.82151794433594,139.22999572753906,260.260009765625,140.6699981689453,261.9700012207031,136.6699981689453,255.75999450683594,137.4600067138672,257.5899963378906,66242400,20069800
2022-06-30,134.56121826171875,250.4763946533203,136.72000122070312,256.8299865722656,138.3699951171875,259.5299987792969,133.77000427246094,252.89999389648438,137.25,257.04998779296875,98964500,31730900
2022-07-01,136.736328125,253.1583251953125,138.92999267578125,259.5799865722656,139.0399932861328,259.7699890136719,135.66000366210938,254.61000061035156,136.0399932861328,256.3900146484375,71051600,22837700
2022-07-05,139.32476806640625,256.3474426269531,141.55999755859375,262.8500061035156,141.61000061035156,262.9800109863281,136.92999267578125,254.74000549316406,137.77000427246094,256.1600036621094,73353800,22941000
2022-07-06,140.66329956054688,259.6243591308594,142.9199981689453,266.2099914550781,144.1199951171875,267.989990234375,141.0800018310547,262.3999938964844,141.35000610351562,263.75,74064300,23824400
2022-07-07,144.03915405273438,261.7601318359375,146.35000610351562,268.3999938964844,146.5500030517578,269.05999755859375,143.27999877929688,265.0199890136719,143.2899932861328,265.1199951171875,66253700,20859900
2022-07-08,144.71824645996094,261.0384521484375,147.0399932861328,267.6600036621094,147.5500030517578,268.1000061035156,145.0,263.2900085449219,145.25999450683594,264.7900085449219,64547800,19658800
2022-07-11,142.58250427246094,257.96649169921875,144.8699951171875,264.510009765625,146.63999938964844,266.5299987792969,143.77999877929688,262.17999267578125,145.6699981689453,265.6499938964844,63141600,19455200
2022-07-12,143.556884765625,247.39456176757812,145.86000061035156,253.6699981689453,148.4499969482422,265.94000244140625,145.0500030517578,252.0399932861328,145.75999450683594,265.8800048828125,77588800,35868500
2022-07-13,143.19271850585938,246.4680633544922,145.49000549316406,252.72000122070312,146.4499969482422,253.5500030517578,142.1199951171875,248.11000061035156,142.99000549316406,250.19000244140625,71185600,29497400
2022-07-14,146.1256561279297,247.79441833496094,148.47000122070312,254.0800018310547,148.9499969482422,255.13999938964844,143.25,245.94000244140625,144.0800018310547,250.57000732421875,78140700,25102800
2022-07-15,147.79881286621094,250.369140625,150.1699981689453,256.7200012207031,150.86000061035156,260.3699951171875,148.1999969482422,254.77000427246094,149.77999877929688,255.72000122070312,76259900,29774100
2022-07-18,144.74777221679688,247.96022033691406,147.07000732421875,254.25,151.57000732421875,260.8399963378906,146.6999969482422,253.3000030517578,150.74000549316406,259.75,81420900,20975000
2022-07-19,148.61570739746094,253.10958862304688,151.0,259.5299987792969,151.22999572753906,259.7200012207031,146.91000366210938,253.67999267578125,147.9199981689453,257.5799865722656,82982400,25012600
2022-07-20,150.6234893798828,255.78176879882812,153.0399932861328,262.2699890136719,153.72000122070312,264.8699951171875,150.3699951171875,258.9100036621094,151.1199951171875,259.8999938964844,64823400,22788300
2022-07-21,152.89700317382812,258.2882080078125,155.35000610351562,264.8399963378906,155.57000732421875,264.8900146484375,151.94000244140625,257.0299987792969,154.5,259.7900085449219,65086600,22404700
2022-07-22,151.65692138671875,253.9190673828125,154.08999633789062,260.3599853515625,156.27999877929688,265.3299865722656,153.41000366210938,259.07000732421875,155.38999938964844,265.239990234375,66675400,21881300
2022-07-25,150.53489685058594,252.4269256591797,152.9499969482422,258.8299865722656,155.0399932861328,261.5,152.27999877929688,256.80999755859375,154.00999450683594,261.0,53623900,21056000
2022-07-26,149.20626831054688,245.66835021972656,151.60000610351562,251.89999389648438,153.08999633789062,259.8800048828125,150.8000030517578,249.57000732421875,152.25999450683594,259.8599853515625,55138700,39348000
2022-07-27,154.31427001953125,262.0917663574219,156.7899932861328,268.739990234375,157.3300018310547,270.04998779296875,152.16000366210938,258.8500061035156,152.5800018310547,261.1600036621094,78620700,45994000
2022-07-28,154.86546325683594,269.5719909667969,157.35000610351562,276.4100036621094,157.63999938964844,277.8399963378906,154.41000366210938,267.8699951171875,156.97999572753906,269.75,81378700,33459300
2022-07-29,159.94398498535156,273.7948913574219,162.50999450683594,280.739990234375,163.6300048828125,282.0,159.5,276.6300048828125,161.24000549316406,277.70001220703125,101786900,32152800
2022-08-01,158.9597625732422,271.1324462890625,161.50999450683594,278.010009765625,163.58999633789062,281.2799987792969,160.88999938964844,275.8399963378906,161.00999450683594,277.82000732421875,67829400,21539600
2022-08-02,157.4834442138672,268.0213317871094,160.00999450683594,274.82000732421875,162.41000366210938,277.8900146484375,159.6300048828125,272.3800048828125,160.10000610351562,276.0,59907000,22754200
2022-08-03,163.50680541992188,275.4820556640625,166.1300048828125,282.4700012207031,166.58999633789062,283.5,160.75,276.6099853515625,160.83999633789062,276.760009765625,82507500,23518900
2022-08-04,163.19183349609375,276.6329345703125,165.80999755859375,283.6499938964844,167.19000244140625,283.79998779296875,164.42999267578125,280.1700134277344,166.00999450683594,281.79998779296875,55474100,18098700
2022-08-05,162.96519470214844,275.9112548828125,165.35000610351562,282.9100036621094,165.85000610351562,283.6499938964844,163.0,278.67999267578125,163.2100067138672,279.1499938964844,56697000,16774600
2022-08-08,162.49208068847656,273.3852844238281,164.8699951171875,280.32000732421875,167.80999755859375,285.9200134277344,164.1999969482422,279.32000732421875,166.3699951171875,284.04998779296875,60276900,18739200
2022-08-09,162.54141235351562,275.3162841796875,164.9199981689453,282.29998779296875,165.82000732421875,283.0799865722656,163.25,277.6099853515625,164.02000427246094,279.6400146484375,63135500,23405200
2022-08-10,166.79910278320312,282.006591796875,169.24000549316406,289.1600036621094,169.33999633789062,289.80999755859375,166.89999389648438,286.94000244140625,167.67999267578125,288.1700134277344,70170500,24687800
2022-08-11,166.0598907470703,279.9195556640625,168.49000549316406,287.0199890136719,170.99000549316406,291.2099914550781,168.19000244140625,286.510009765625,170.05999755859375,290.8500061035156,57149200,20065900
2022-08-12,169.61781311035156,284.68853759765625,172.10000610351562,291.9100036621094,172.1699981689453,291.9100036621094,169.39999389648438,286.94000244140625,169.82000732421875,288.4800109863281,68039400,22619700
2022-08-15,170.69210815429688,286.2099914550781,173.19000244140625,293.4700012207031,173.38999938964844,294.17999267578125,171.35000610351562,290.1099853515625,171.52000427246094,291.0,54091700,18085700
2022-08-16,170.534423828125,285.46868896484375,173.02999877929688,292.7099914550781,173.7100067138672,294.0400085449219,171.66000366210938,290.4200134277344,172.77999877929688,291.989990234375,56377100,18102900
2022-08-17,172.03248596191406,284.7161865234375,174.5500030517578,291.32000732421875,176.14999389648438,293.3500061035156,172.57000732421875,289.4700012207031,172.77000427246094,289.739990234375,79542000,18253400
2022-08-18,171.6382598876953,283.59228515625,174.14999389648438,290.1700134277344,174.89999389648438,291.9100036621094,173.1199951171875,289.0799865722656,173.75,290.19000244140625,62290100,17186200
2022-08-19,169.04617309570312,279.6633605957031,171.52000427246094,286.1499938964844,173.74000549316406,289.25,171.30999755859375,285.55999755859375,173.02999877929688,288.8999938964844,70346300,20570000
2022-08-22,165.1531982421875,271.4538269042969,167.57000732421875,277.75,169.86000061035156,282.4599914550781,167.13999938964844,277.2200012207031,169.69000244140625,282.0799865722656,69026800,25061100
2022-08-23,164.8180694580078,270.1735534667969,167.22999572753906,276.44000244140625,168.7100067138672,278.8599853515625,166.64999389648438,275.3999938964844,167.0800018310547,276.44000244140625,54147100,17527400
2022-08-24,165.11375427246094,269.53826904296875,167.52999877929688,275.7900085449219,168.11000061035156,277.2300109863281,166.25,275.1099853515625,167.32000732421875,275.4100036621094,53841500,18137000
2022-08-25,167.57766723632812,272.52886962890625,170.02999877929688,278.8500061035156,170.13999938964844,279.0199890136719,168.35000610351562,274.5199890136719,168.77999877929688,277.3299865722656,51218200,16583400
2022-08-26,161.26011657714844,262.0128173828125,163.6199951171875,268.0899963378906,171.0500030517578,280.3399963378906,163.55999755859375,267.9800109863281,170.57000732421875,279.0799865722656,78961000,27549300
2022-08-29,159.0524444580078,259.2176208496094,161.3800048828125,265.2300109863281,162.89999389648438,267.3999938964844,159.82000732421875,263.8500061035156,161.14999389648438,265.8500061035156,73314000,20338500
2022-08-30,156.61807250976562,257.0088806152344,158.91000366210938,262.9700012207031,162.55999755859375,267.04998779296875,157.72000122070312,260.6600036621094,162.1300048828125,266.6700134277344,77906200,22767100
2022-08-31,154.9524688720703,255.54283142089844,157.22000122070312,261.4700012207031,160.5800018310547,267.1099853515625,157.13999938964844,261.3299865722656,160.30999755859375,265.3900146484375,87991100,24791800
2022-09-01,155.68177795410156,254.4971160888672,157.9600067138672,260.3999938964844,158.4199981689453,260.8900146484375,154.6699981689453,255.41000366210938,156.63999938964844,258.8699951171875,74229900,23263400
2022-09-02,153.56280517578125,250.25547790527344,155.80999755859375,256.05999755859375,160.36000061035156,264.739990234375,154.97000122070312,254.47000122070312,159.75,261.70001220703125,76957800,22855400
2022-09-06,152.3012237548828,247.5092010498047,154.52999877929688,253.25,157.08999633789062,257.8299865722656,153.69000244140625,251.94000244140625,156.47000122070312,256.20001220703125,73714800,21328200
2022-09-07,153.7106170654297,252.23947143554688,155.9600067138672,258.0899963378906,156.6699981689453,258.8299865722656,153.61000061035156,253.22000122070312,154.82000732421875,254.6999969482422,87449600,24126700
2022-09-08,152.23223876953125,252.6597442626953,154.4600067138672,258.5199890136719,156.36000061035156,260.42999267578125,152.67999267578125,254.7899932861328,154.63999938964844,257.510009765625,84923800,20319900
2022-09-09,155.10028076171875,258.4651184082031,157.3699951171875,264.4599914550781,157.82000732421875,265.2300109863281,154.75,260.2900085449219,155.47000122070312,260.5,68028800,22084700
2022-09-12,161.07284545898438,260.6054382324219,163.42999267578125,266.6499938964844,164.25999450683594,267.45001220703125,159.3000030517578,265.1600036621094,159.58999633789062,265.7799987792969,104956000,18747700
2022-09-13,151.62120056152344,246.2777862548828,153.83999633789062,251.99000549316406,160.5399932861328,260.3999938964844,153.3699951171875,251.58999633789062,159.89999389648438,258.8399963378906,122656600,33353300
2022-09-14,153.06997680664062,246.50254821777344,155.30999755859375,252.22000122070312,157.10000610351562,254.22999572753906,153.61000061035156,249.86000061035156,154.7899932861328,253.52999877929688,87965400,23913000
2022-09-15,150.17237854003906,239.81761169433594,152.3699951171875,245.3800048828125,155.24000549316406,251.39999389648438,151.3800048828125,244.02000427246094,154.64999389648438,249.77000427246094,90481100,31530900
2022-09-16,148.52647399902344,239.19212341308594,150.6999969482422,244.74000549316406,151.35000610351562,245.3000030517578,148.3699951171875,242.05999755859375,151.2100067138672,244.25999450683594,162278800,39791800
2022-09-19,152.251953125,238.97708129882812,154.47999572753906,244.52000427246094,154.55999755859375,245.13999938964844,149.10000610351562,240.85000610351562,149.30999755859375,242.47000122070312,81474200,26826900
2022-09-20,154.6370391845703,236.95401000976562,156.89999389648438,242.4499969482422,158.0800018310547,243.50999450683594,153.0800018310547,239.63999938964844,153.39999389648438,242.07000732421875,107689800,26660300
2022-09-21,151.50294494628906,233.53335571289062,153.72000122070312,238.9499969482422,158.74000549316406,247.66000366210938,153.60000610351562,238.89999389648438,157.33999633789062,244.27000427246094,101696800,28625600
2022-09-22,150.5370635986328,235.517333984375,152.74000549316406,240.97999572753906,154.47000122070312,243.86000061035156,150.91000366210938,237.57000732421875,152.3800048828125,237.8699951171875,86652500,31061200
2022-09-23,148.26036071777344,232.5267333984375,150.42999267578125,237.9199981689453,151.47000122070312,241.1300048828125,148.55999755859375,235.1999969482422,151.19000244140625,239.5399932861328,96029900,34176000
2022-09-26,148.59547424316406,232.06736755371094,150.77000427246094,237.4499969482422,153.77000427246094,241.4499969482422,149.63999938964844,236.89999389648438,149.66000366210938,237.0500030517578,93339400,27694200
2022-09-27,149.57119750976562,231.05093383789062,151.75999450683594,236.41000366210938,154.72000122070312,241.8000030517578,149.9499969482422,234.5,152.74000549316406,239.97999572753906,84442700,27018700
2022-09-28,147.6788787841797,235.60528564453125,149.83999633789062,241.07000732421875,150.63999938964844,242.3300018310547,144.83999633789062,234.72999572753906,147.63999938964844,236.80999755859375,146691400,29029700
2022-09-29,140.42501831054688,232.1162109375,142.47999572753906,237.5,146.72000122070312,239.9499969482422,140.67999267578125,234.41000366210938,146.10000610351562,238.88999938964844,128138200,27484200
2022-09-30,136.20675659179688,227.6204833984375,138.1999969482422,232.89999389648438,143.10000610351562,240.5399932861328,138.0,232.72999572753906,141.27999877929688,238.2899932861328,124925300,35694800
2022-10-03,140.39547729492188,235.28277587890625,142.4499969482422,240.74000549316406,143.07000732421875,241.61000061035156,137.69000244140625,234.66000366210938,138.2100067138672,235.41000366210938,114311700,28880400
2022-10-04,143.9928436279297,243.23825073242188,146.10000610351562,248.8800048828125,146.22000122070312,250.36000061035156,144.25999450683594,244.97999572753906,145.02999877929688,245.08999633789062,87830100,34888400
2022-10-05,144.28846740722656,243.55099487304688,146.39999389648438,249.1999969482422,147.3800048828125,250.5800018310547,143.00999450683594,244.10000610351562,144.07000732421875,245.99000549316406,79471000,20347100
2022-10-06,143.33245849609375,241.1956329345703,145.42999267578125,246.7899932861328,147.5399932861328,250.33999633789062,145.22000122070312,246.0800018310547,145.80999755859375,247.92999267578125,68402200,20239900
2022-10-07,138.0695037841797,228.9301300048828,140.08999633789062,234.24000549316406,143.10000610351562,241.32000732421875,139.4499969482422,233.1699981689453,142.5399932861328,240.89999389648438,85925600,37769600
2022-10-10,138.39474487304688,224.05325317382812,140.4199981689453,229.25,141.88999938964844,234.55999755859375,138.57000732421875,226.72999572753906,140.4199981689453,233.0500030517578,74899000,29743600
2022-10-11,136.97549438476562,220.30027770996094,138.97999572753906,225.41000366210938,141.35000610351562,229.05999755859375,138.22000122070312,224.11000061035156,139.89999389648438,227.6199951171875,77033700,30474000
2022-10-12,136.34475708007812,220.63258361816406,138.33999633789062,225.75,140.36000061035156,227.86000061035156,138.16000366210938,223.9600067138672,139.1300048828125,225.39999389648438,70433700,21903900
2022-10-13,140.92767333984375,228.9301300048828,142.99000549316406,234.24000549316406,143.58999633789062,236.10000610351562,134.3699951171875,219.1300048828125,134.99000549316406,219.85000610351562,113224000,42551800
2022-10-14,136.38417053222656,223.37890625,138.3800048828125,228.55999755859375,144.52000427246094,237.24000549316406,138.19000244140625,228.33999633789062,144.30999755859375,235.5399932861328,88598000,30198600
2022-10-17,140.3560333251953,232.1455535888672,142.41000366210938,237.52999877929688,142.89999389648438,238.9600067138672,140.27000427246094,235.13999938964844,141.07000732421875,235.82000732421875,85250900,28142300
2022-10-18,141.6767120361328,233.0935516357422,143.75,238.5,146.6999969482422,243.92999267578125,140.61000061035156,235.3699951171875,145.49000549316406,243.24000549316406,99136600,26329600
2022-10-19,141.78512573242188,231.11936950683594,143.86000061035156,236.47999572753906,144.9499969482422,239.61000061035156,141.5,234.2899932861328,141.69000244140625,237.0399932861328,61758300,19985700
2022-10-20,141.32191467285156,230.79685974121094,143.38999938964844,236.14999389648438,145.88999938964844,241.30999755859375,142.64999389648438,234.8699951171875,143.02000427246094,235.77000427246094,64522000,21811000
2022-10-21,145.14598083496094,236.63150024414062,147.27000427246094,242.1199951171875,147.85000610351562,243.0,142.64999389648438,234.5,142.8699951171875,234.74000549316406,86548600,26299700
2022-10-24,147.29452514648438,241.64523315429688,149.4499969482422,247.25,150.22999572753906,247.83999633789062,146.0,241.3000030517578,147.19000244140625,243.75999450683594,75981900,24911200
2022-10-25,150.142822265625,244.97792053222656,152.33999633789062,250.66000366210938,152.49000549316406,251.0399932861328,149.36000061035156,245.8300018310547,150.08999633789062,247.25999450683594,74732300,34775500
2022-10-26,147.19595336914062,226.07632446289062,149.35000610351562,231.32000732421875,151.99000549316406,238.3000030517578,148.0399932861328,230.05999755859375,150.9600067138672,231.1699981689453,88194300,82543200
2022-10-27,142.71156311035156,221.60992431640625,144.8000030517578,226.75,149.0500030517578,233.69000244140625,144.1300048828125,225.77999877929688,148.07000732421875,231.0399932861328,109180200,40424600
2022-10-28,153.49378967285156,230.52317810058594,155.74000549316406,235.8699951171875,157.5,236.60000610351562,147.82000732421875,226.0500030517578,148.1999969482422,226.24000549316406,164762400,40647700
2022-10-31,151.12838745117188,226.8679656982422,153.33999633789062,232.1300048828125,154.24000549316406,234.9199981689453,151.9199981689453,231.14999389648438,153.16000366210938,233.75999450683594,97943200,28357300
2022-11-01,148.4771728515625,222.9977264404297,150.64999389648438,228.1699981689453,155.4499969482422,235.74000549316406,149.1300048828125,227.3300018310547,155.0800018310547,234.60000610351562,80379300,30592300
2022-11-02,142.93826293945312,215.1106719970703,145.02999877929688,220.10000610351562,152.1699981689453,231.3000030517578,145.0,220.0399932861328,148.9499969482422,229.4600067138672,93604600,38407000
2022-11-03,136.876953125,209.3932647705078,138.8800048828125,214.25,142.8000030517578,220.41000366210938,138.75,213.97999572753906,142.05999755859375,220.08999633789062,97918500,36633900
2022-11-04,136.6103973388672,216.3714141845703,138.3800048828125,221.38999938964844,142.6699981689453,221.58999633789062,134.3800048828125,213.42999267578125,142.08999633789062,217.5500030517578,140814800,36789100
2022-11-07,137.1435089111328,222.70452880859375,138.9199981689453,227.8699951171875,139.14999389648438,228.41000366210938,135.6699981689453,221.27999877929688,137.11000061035156,221.99000549316406,83374600,33498000
2022-11-08,137.71607971191406,223.6818389892578,139.5,228.8699951171875,141.42999267578125,231.64999389648438,137.49000549316406,225.83999633789062,140.41000366210938,228.6999969482422,89908500,28192500
2022-11-09,133.14527893066406,219.4207000732422,134.8699951171875,224.50999450683594,138.5500030517578,228.6300048828125,134.58999633789062,224.3300018310547,138.5,227.3699951171875,74917800,27852900
2022-11-10,144.99183654785156,237.4719696044922,146.8699951171875,242.97999572753906,146.8699951171875,243.3300018310547,139.5,235.0,141.24000549316406,235.42999267578125,118854000,46268000
2022-11-11,147.78564453125,241.50840759277344,149.6999969482422,247.11000061035156,150.00999450683594,247.99000549316406,144.3699951171875,241.92999267578125,145.82000732421875,242.99000549316406,93979700,34620200
2022-11-14,146.3837890625,236.07444763183594,148.27999877929688,241.5500030517578,150.27999877929688,243.91000366210938,147.42999267578125,239.2100067138672,148.97000122070312,241.99000549316406,73374100,31123300
2022-11-15,148.1212921142578,236.48489379882812,150.0399932861328,241.97000122070312,153.58999633789062,247.0,148.55999755859375,240.02999877929688,152.22000122070312,245.66000366210938,89868300,31390100
2022-11-16,146.8872833251953,236.91615295410156,148.7899932861328,241.72999572753906,149.8699951171875,243.8000030517578,147.2899932861328,240.4199981689453,149.1300048828125,242.7899932861328,64218300,24093300
2022-11-17,148.7926025390625,236.86712646484375,150.72000122070312,241.67999267578125,151.47999572753906,243.25,146.14999389648438,237.6300048828125,146.42999267578125,237.77999877929688,80389400,23123500
2022-11-18,149.35528564453125,236.4163055419922,151.2899932861328,241.22000122070312,152.6999969482422,243.74000549316406,149.97000122070312,239.02999877929688,152.30999755859375,243.50999450683594,74829600,27613500
2022-11-21,146.11727905273438,237.22976684570312,148.00999450683594,242.0500030517578,150.3699951171875,244.6699981689453,147.72000122070312,241.19000244140625,150.16000366210938,241.42999267578125,58724100,26394700
2022-11-22,148.25949096679688,240.15040588378906,150.17999267578125,245.02999877929688,150.4199981689453,245.30999755859375,146.92999267578125,240.7100067138672,148.1300048828125,243.58999633789062,51804100,19665700
2022-11-23,149.13815307617188,242.64962768554688,151.07000732421875,247.5800018310547,151.8300018310547,248.27999877929688,149.33999633789062,244.27000427246094,149.4499969482422,245.11000061035156,58301400,19508500
2022-11-25,146.21600341796875,242.5614471435547,148.11000061035156,247.49000549316406,148.8800048828125,248.6999969482422,147.1199951171875,246.72999572753906,148.30999755859375,247.30999755859375,35195900,9200800
2022-11-28,142.37574768066406,236.945556640625,144.22000122070312,241.75999450683594,146.63999938964844,246.64999389648438,143.3800048828125,240.8000030517578,145.13999938964844,246.0800018310547,69246000,24778200
2022-11-29,139.36473083496094,235.54403686523438,141.1699981689453,240.3300018310547,144.80999755859375,242.7899932861328,140.35000610351562,238.2100067138672,144.2899932861328,241.39999389648438,83763800,17956300
2022-11-30,146.1370086669922,250.05909729003906,148.02999877929688,255.13999938964844,148.72000122070312,255.3300018310547,140.5500030517578,239.86000061035156,141.39999389648438,240.57000732421875,111380900,47594200
2022-12-01,146.41339111328125,249.61805725097656,148.30999755859375,254.69000244140625,149.1300048828125,256.1199951171875,146.61000061035156,250.9199981689453,148.2100067138672,253.8699951171875,71250400,26041500
2022-12-02,145.91981506347656,249.94146728515625,147.80999755859375,255.02000427246094,148.0,256.05999755859375,145.64999389648438,249.69000244140625,145.9600067138672,249.82000732421875,65447400,21528500
2022-12-05,144.75491333007812,245.2174530029297,146.6300048828125,250.1999969482422,150.9199981689453,253.82000732421875,145.77000427246094,248.05999755859375,147.77000427246094,252.00999450683594,68826400,23435300
2022-12-06,141.08248901367188,240.2386016845703,142.91000366210938,245.1199951171875,147.3000030517578,251.86000061035156,141.9199981689453,243.77999877929688,147.07000732421875,250.82000732421875,64727200,22463700
2022-12-07,139.1376953125,239.5035858154297,140.94000244140625,244.3699951171875,143.3699951171875,246.16000366210938,140.0,242.2100067138672,142.19000244140625,244.8300018310547,69721100,20481500
2022-12-08,140.8258056640625,242.4732208251953,142.64999389648438,247.39999389648438,143.52000427246094,248.74000549316406,141.10000610351562,243.05999755859375,142.36000061035156,244.83999633789062,62128300,22611800
2022-12-09,140.3420867919922,240.53262329101562,142.16000366210938,245.4199981689453,145.57000732421875,248.30999755859375,140.89999389648438,244.16000366210938,142.33999633789062,244.6999969482422,76097000,20609700
2022-12-12,142.64227294921875,247.48146057128906,144.49000549316406,252.50999450683594,144.5,252.5399932861328,141.05999755859375,247.1699981689453,142.6999969482422,247.4499969482422,70462700,30665100
2022-12-13,143.6097412109375,251.8036346435547,145.47000122070312,256.9200134277344,149.97000122070312,263.9200134277344,144.24000549316406,253.07000732421875,149.5,261.69000244140625,93886200,42196900
2022-12-14,141.37864685058594,252.09767150878906,143.2100067138672,257.2200012207031,146.66000366210938,262.5899963378906,141.16000366210938,254.30999755859375,145.35000610351562,257.1300048828125,82291200,35410900
2022-12-15,134.7544708251953,244.0511474609375,136.5,249.00999450683594,141.8000030517578,254.1999969482422,136.02999877929688,247.33999633789062,141.11000061035156,253.72000122070312,98931900,35560400
2022-12-16,132.78988647460938,239.81719970703125,134.50999450683594,244.69000244140625,137.64999389648438,249.83999633789062,133.72999572753906,243.50999450683594,136.69000244140625,248.5500030517578,160156900,86102000
2022-12-19,130.67726135253906,235.66162109375,132.3699951171875,240.4499969482422,135.1999969482422,245.2100067138672,131.32000732421875,238.7100067138672,135.11000061035156,244.86000061035156,79592600,29696400
2022-12-20,130.608154296875,236.98472595214844,132.3000030517578,241.8000030517578,133.25,242.91000366210938,129.88999938964844,238.4199981689453,131.38999938964844,239.39999389648438,77432800,25150800
2022-12-21,133.71788024902344,239.56236267089844,135.4499969482422,244.42999267578125,136.80999755859375,245.6199951171875,132.75,240.11000061035156,132.97999572753906,241.69000244140625,85928000,23690600
2022-12-22,130.53904724121094,233.44664001464844,132.22999572753906,238.19000244140625,134.55999755859375,241.99000549316406,130.3000030517578,233.8699951171875,134.35000610351562,241.25999450683594,77852100,28651700
2022-12-23,130.17376708984375,233.9758758544922,131.86000061035156,238.72999572753906,132.4199981689453,238.8699951171875,129.63999938964844,233.94000244140625,130.9199981689453,236.11000061035156,63814900,21207000
2022-12-27,128.36717224121094,232.2411346435547,130.02999877929688,236.9600067138672,131.41000366210938,238.92999267578125,128.72000122070312,235.8300018310547,131.3800048828125,238.6999969482422,69007800,16688600
2022-12-28,124.42820739746094,229.85952758789062,126.04000091552734,234.52999877929688,131.02999877929688,239.72000122070312,125.87000274658203,234.1699981689453,129.6699981689453,236.88999938964844,85438400,17457100
2022-12-29,127.95256805419922,236.21047973632812,129.61000061035156,241.00999450683594,130.47999572753906,241.9199981689453,127.7300033569336,235.64999389648438,127.98999786376953,235.64999389648438,75703700,19770700
2022-12-30,128.26846313476562,235.04417419433594,129.92999267578125,239.82000732421875,129.9499969482422,239.9600067138672,127.43000030517578,236.66000366210938,128.41000366210938,238.2100067138672,77034200,21938500
